,relation,display_relation,x_index,x_id,x_type,x_name,x_source,y_index,y_id,y_type,y_name,y_source
5949716,disease_protein,associated with,28313,5090_13498_8414_10897_33312_10943_11552_14092_12054_11960_11280_11294_11295_11298_11307_11498_12879_13089_13506,disease,schizophrenia,MONDO_grouped,7097,1,gene/protein,A1BG,NCBI
5949717,disease_protein,associated with,28313,5090_13498_8414_10897_33312_10943_11552_14092_12054_11960_11280_11294_11295_11298_11307_11498_12879_13089_13506,disease,schizophrenia,MONDO_grouped,2174,19,gene/protein,ABCA1,NCBI
5949718,disease_protein,associated with,28313,5090_13498_8414_10897_33312_10943_11552_14092_12054_11960_11280_11294_11295_11298_11307_11498_12879_13089_13506,disease,schizophrenia,MONDO_grouped,8038,43,gene/protein,ACHE,NCBI
5949719,disease_protein,associated with,28313,5090_13498_8414_10897_33312_10943_11552_14092_12054_11960_11280_11294_11295_11298_11307_11498_12879_13089_13506,disease,schizophrenia,MONDO_grouped,5925,52,gene/protein,ACP1,NCBI
5949720,disease_protein,associated with,28313,5090_13498_8414_10897_33312_10943_11552_14092_12054_11960_11280_11294_11295_11298_11307_11498_12879_13089_13506,disease,schizophrenia,MONDO_grouped,238,60,gene/protein,ACTB,NCBI
5949721,disease_protein,associated with,28313,5090_13498_8414_10897_33312_10943_11552_14092_12054_11960_11280_11294_11295_11298_11307_11498_12879_13089_13506,disease,schizophrenia,MONDO_grouped,8641,104,gene/protein,ADARB1,NCBI
5949722,disease_protein,associated with,28313,5090_13498_8414_10897_33312_10943_11552_14092_12054_11960_11280_11294_11295_11298_11307_11498_12879_13089_13506,disease,schizophrenia,MONDO_grouped,7359,113,gene/protein,ADCY7,NCBI
5949723,disease_protein,associated with,28313,5090_13498_8414_10897_33312_10943_11552_14092_12054_11960_11280_11294_11295_11298_11307_11498_12879_13089_13506,disease,schizophrenia,MONDO_grouped,8757,116,gene/protein,ADCYAP1,NCBI
5949724,disease_protein,associated with,28313,5090_13498_8414_10897_33312_10943_11552_14092_12054_11960_11280_11294_11295_11298_11307_11498_12879_13089_13506,disease,schizophrenia,MONDO_grouped,6552,117,gene/protein,ADCYAP1R1,NCBI
5949725,disease_protein,associated with,28313,5090_13498_8414_10897_33312_10943_11552_14092_12054_11960_11280_11294_11295_11298_11307_11498_12879_13089_13506,disease,schizophrenia,MONDO_grouped,5399,132,gene/protein,ADK,NCBI
5949726,disease_protein,associated with,28313,5090_13498_8414_10897_33312_10943_11552_14092_12054_11960_11280_11294_11295_11298_11307_11498_12879_13089_13506,disease,schizophrenia,MONDO_grouped,8222,133,gene/protein,ADM,NCBI
5949727,disease_protein,associated with,28313,5090_13498_8414_10897_33312_10943_11552_14092_12054_11960_11280_11294_11295_11298_11307_11498_12879_13089_13506,disease,schizophrenia,MONDO_grouped,11143,134,gene/protein,ADORA1,NCBI
5949728,disease_protein,associated with,28313,5090_13498_8414_10897_33312_10943_11552_14092_12054_11960_11280_11294_11295_11298_11307_11498_12879_13089_13506,disease,schizophrenia,MONDO_grouped,4969,135,gene/protein,ADORA2A,NCBI
5949729,disease_protein,associated with,28313,5090_13498_8414_10897_33312_10943_11552_14092_12054_11960_11280_11294_11295_11298_11307_11498_12879_13089_13506,disease,schizophrenia,MONDO_grouped,1659,148,gene/protein,ADRA1A,NCBI
5949730,disease_protein,associated with,28313,5090_13498_8414_10897_33312_10943_11552_14092_12054_11960_11280_11294_11295_11298_11307_11498_12879_13089_13506,disease,schizophrenia,MONDO_grouped,2472,150,gene/protein,ADRA2A,NCBI
5949731,disease_protein,associated with,28313,5090_13498_8414_10897_33312_10943_11552_14092_12054_11960_11280_11294_11295_11298_11307_11498_12879_13089_13506,disease,schizophrenia,MONDO_grouped,11375,159,gene/protein,ADSS2,NCBI
5949732,disease_protein,associated with,28313,5090_13498_8414_10897_33312_10943_11552_14092_12054_11960_11280_11294_11295_11298_11307_11498_12879_13089_13506,disease,schizophrenia,MONDO_grouped,3321,175,gene/protein,AGA,NCBI
5949733,disease_protein,associated with,28313,5090_13498_8414_10897_33312_10943_11552_14092_12054_11960_11280_11294_11295_11298_11307_11498_12879_13089_13506,disease,schizophrenia,MONDO_grouped,1694,177,gene/protein,AGER,NCBI
5949734,disease_protein,associated with,28313,5090_13498_8414_10897_33312_10943_11552_14092_12054_11960_11280_11294_11295_11298_11307_11498_12879_13089_13506,disease,schizophrenia,MONDO_grouped,995,182,gene/protein,JAG1,NCBI
5949735,disease_protein,associated with,28313,5090_13498_8414_10897_33312_10943_11552_14092_12054_11960_11280_11294_11295_11298_11307_11498_12879_13089_13506,disease,schizophrenia,MONDO_grouped,1057,207,gene/protein,AKT1,NCBI
5949736,disease_protein,associated with,28313,5090_13498_8414_10897_33312_10943_11552_14092_12054_11960_11280_11294_11295_11298_11307_11498_12879_13089_13506,disease,schizophrenia,MONDO_grouped,5856,216,gene/protein,ALDH1A1,NCBI
5949737,disease_protein,associated with,28313,5090_13498_8414_10897_33312_10943_11552_14092_12054_11960_11280_11294_11295_11298_11307_11498_12879_13089_13506,disease,schizophrenia,MONDO_grouped,3829,218,gene/protein,ALDH3A1,NCBI
5949738,disease_protein,associated with,28313,5090_13498_8414_10897_33312_10943_11552_14092_12054_11960_11280_11294_11295_11298_11307_11498_12879_13089_13506,disease,schizophrenia,MONDO_grouped,2149,221,gene/protein,ALDH3B1,NCBI
5949739,disease_protein,associated with,28313,5090_13498_8414_10897_33312_10943_11552_14092_12054_11960_11280_11294_11295_11298_11307_11498_12879_13089_13506,disease,schizophrenia,MONDO_grouped,390,238,gene/protein,ALK,NCBI
5949740,disease_protein,associated with,28313,5090_13498_8414_10897_33312_10943_11552_14092_12054_11960_11280_11294_11295_11298_11307_11498_12879_13089_13506,disease,schizophrenia,MONDO_grouped,7678,239,gene/protein,ALOX12,NCBI
5949741,disease_protein,associated with,28313,5090_13498_8414_10897_33312_10943_11552_14092_12054_11960_11280_11294_11295_11298_11307_11498_12879_13089_13506,disease,schizophrenia,MONDO_grouped,3345,288,gene/protein,ANK3,NCBI
5949742,disease_protein,associated with,28313,5090_13498_8414_10897_33312_10943_11552_14092_12054_11960_11280_11294_11295_11298_11307_11498_12879_13089_13506,disease,schizophrenia,MONDO_grouped,5782,321,gene/protein,APBA2,NCBI
5949743,disease_protein,associated with,28313,5090_13498_8414_10897_33312_10943_11552_14092_12054_11960_11280_11294_11295_11298_11307_11498_12879_13089_13506,disease,schizophrenia,MONDO_grouped,2037,324,gene/protein,APC,NCBI
5949744,disease_protein,associated with,28313,5090_13498_8414_10897_33312_10943_11552_14092_12054_11960_11280_11294_11295_11298_11307_11498_12879_13089_13506,disease,schizophrenia,MONDO_grouped,7500,337,gene/protein,APOA4,NCBI
5949745,disease_protein,associated with,28313,5090_13498_8414_10897_33312_10943_11552_14092_12054_11960_11280_11294_11295_11298_11307_11498_12879_13089_13506,disease,schizophrenia,MONDO_grouped,2368,347,gene/protein,APOD,NCBI
5949746,disease_protein,associated with,28313,5090_13498_8414_10897_33312_10943_11552_14092_12054_11960_11280_11294_11295_11298_11307_11498_12879_13089_13506,disease,schizophrenia,MONDO_grouped,3879,348,gene/protein,APOE,NCBI
5949747,disease_protein,associated with,28313,5090_13498_8414_10897_33312_10943_11552_14092_12054_11960_11280_11294_11295_11298_11307_11498_12879_13089_13506,disease,schizophrenia,MONDO_grouped,4549,350,gene/protein,APOH,NCBI
5949748,disease_protein,associated with,28313,5090_13498_8414_10897_33312_10943_11552_14092_12054_11960_11280_11294_11295_11298_11307_11498_12879_13089_13506,disease,schizophrenia,MONDO_grouped,2400,355,gene/protein,FAS,NCBI
5949749,disease_protein,associated with,28313,5090_13498_8414_10897_33312_10943_11552_14092_12054_11960_11280_11294_11295_11298_11307_11498_12879_13089_13506,disease,schizophrenia,MONDO_grouped,10115,361,gene/protein,AQP4,NCBI
5949750,disease_protein,associated with,28313,5090_13498_8414_10897_33312_10943_11552_14092_12054_11960_11280_11294_11295_11298_11307_11498_12879_13089_13506,disease,schizophrenia,MONDO_grouped,908,392,gene/protein,ARHGAP1,NCBI
5949751,disease_protein,associated with,28313,5090_13498_8414_10897_33312_10943_11552_14092_12054_11960_11280_11294_11295_11298_11307_11498_12879_13089_13506,disease,schizophrenia,MONDO_grouped,2391,421,gene/protein,ARVCF,NCBI
5949752,disease_protein,associated with,28313,5090_13498_8414_10897_33312_10943_11552_14092_12054_11960_11280_11294_11295_11298_11307_11498_12879_13089_13506,disease,schizophrenia,MONDO_grouped,3106,427,gene/protein,ASAH1,NCBI
5949753,disease_protein,associated with,28313,5090_13498_8414_10897_33312_10943_11552_14092_12054_11960_11280_11294_11295_11298_11307_11498_12879_13089_13506,disease,schizophrenia,MONDO_grouped,1970,468,gene/protein,ATF4,NCBI
5949754,disease_protein,associated with,28313,5090_13498_8414_10897_33312_10943_11552_14092_12054_11960_11280_11294_11295_11298_11307_11498_12879_13089_13506,disease,schizophrenia,MONDO_grouped,3666,472,gene/protein,ATM,NCBI
5949755,disease_protein,associated with,28313,5090_13498_8414_10897_33312_10943_11552_14092_12054_11960_11280_11294_11295_11298_11307_11498_12879_13089_13506,disease,schizophrenia,MONDO_grouped,7123,488,gene/protein,ATP2A2,NCBI
5949756,disease_protein,associated with,28313,5090_13498_8414_10897_33312_10943_11552_14092_12054_11960_11280_11294_11295_11298_11307_11498_12879_13089_13506,disease,schizophrenia,MONDO_grouped,5963,551,gene/protein,AVP,NCBI
5949757,disease_protein,associated with,28313,5090_13498_8414_10897_33312_10943_11552_14092_12054_11960_11280_11294_11295_11298_11307_11498_12879_13089_13506,disease,schizophrenia,MONDO_grouped,10632,552,gene/protein,AVPR1A,NCBI
5949758,disease_protein,associated with,28313,5090_13498_8414_10897_33312_10943_11552_14092_12054_11960_11280_11294_11295_11298_11307_11498_12879_13089_13506,disease,schizophrenia,MONDO_grouped,3400,573,gene/protein,BAG1,NCBI
5949759,disease_protein,associated with,28313,5090_13498_8414_10897_33312_10943_11552_14092_12054_11960_11280_11294_11295_11298_11307_11498_12879_13089_13506,disease,schizophrenia,MONDO_grouped,1748,595,gene/protein,CCND1,NCBI
5949760,disease_protein,associated with,28313,5090_13498_8414_10897_33312_10943_11552_14092_12054_11960_11280_11294_11295_11298_11307_11498_12879_13089_13506,disease,schizophrenia,MONDO_grouped,2429,596,gene/protein,BCL2,NCBI
5949761,disease_protein,associated with,28313,5090_13498_8414_10897_33312_10943_11552_14092_12054_11960_11280_11294_11295_11298_11307_11498_12879_13089_13506,disease,schizophrenia,MONDO_grouped,4842,607,gene/protein,BCL9,NCBI
5949762,disease_protein,associated with,28313,5090_13498_8414_10897_33312_10943_11552_14092_12054_11960_11280_11294_11295_11298_11307_11498_12879_13089_13506,disease,schizophrenia,MONDO_grouped,6329,627,gene/protein,BDNF,NCBI
5949763,disease_protein,associated with,28313,5090_13498_8414_10897_33312_10943_11552_14092_12054_11960_11280_11294_11295_11298_11307_11498_12879_13089_13506,disease,schizophrenia,MONDO_grouped,4127,637,gene/protein,BID,NCBI
5949764,disease_protein,associated with,28313,5090_13498_8414_10897_33312_10943_11552_14092_12054_11960_11280_11294_11295_11298_11307_11498_12879_13089_13506,disease,schizophrenia,MONDO_grouped,554,672,gene/protein,BRCA1,NCBI
5949765,disease_protein,associated with,28313,5090_13498_8414_10897_33312_10943_11552_14092_12054_11960_11280_11294_11295_11298_11307_11498_12879_13089_13506,disease,schizophrenia,MONDO_grouped,7305,685,gene/protein,BTC,NCBI
5949766,disease_protein,associated with,28313,5090_13498_8414_10897_33312_10943_11552_14092_12054_11960_11280_11294_11295_11298_11307_11498_12879_13089_13506,disease,schizophrenia,MONDO_grouped,1183,688,gene/protein,KLF5,NCBI
5949767,disease_protein,associated with,28313,5090_13498_8414_10897_33312_10943_11552_14092_12054_11960_11280_11294_11295_11298_11307_11498_12879_13089_13506,disease,schizophrenia,MONDO_grouped,8293,694,gene/protein,BTG1,NCBI
5949768,disease_protein,associated with,28313,5090_13498_8414_10897_33312_10943_11552_14092_12054_11960_11280_11294_11295_11298_11307_11498_12879_13089_13506,disease,schizophrenia,MONDO_grouped,2507,713,gene/protein,C1QB,NCBI
5949769,disease_protein,associated with,28313,5090_13498_8414_10897_33312_10943_11552_14092_12054_11960_11280_11294_11295_11298_11307_11498_12879_13089_13506,disease,schizophrenia,MONDO_grouped,2787,774,gene/protein,CACNA1B,NCBI
5949770,disease_protein,associated with,28313,5090_13498_8414_10897_33312_10943_11552_14092_12054_11960_11280_11294_11295_11298_11307_11498_12879_13089_13506,disease,schizophrenia,MONDO_grouped,7177,775,gene/protein,CACNA1C,NCBI
5949771,disease_protein,associated with,28313,5090_13498_8414_10897_33312_10943_11552_14092_12054_11960_11280_11294_11295_11298_11307_11498_12879_13089_13506,disease,schizophrenia,MONDO_grouped,1165,778,gene/protein,CACNA1F,NCBI
5949772,disease_protein,associated with,28313,5090_13498_8414_10897_33312_10943_11552_14092_12054_11960_11280_11294_11295_11298_11307_11498_12879_13089_13506,disease,schizophrenia,MONDO_grouped,402,780,gene/protein,DDR1,NCBI
5949773,disease_protein,associated with,28313,5090_13498_8414_10897_33312_10943_11552_14092_12054_11960_11280_11294_11295_11298_11307_11498_12879_13089_13506,disease,schizophrenia,MONDO_grouped,8486,783,gene/protein,CACNB2,NCBI
5949774,disease_protein,associated with,28313,5090_13498_8414_10897_33312_10943_11552_14092_12054_11960_11280_11294_11295_11298_11307_11498_12879_13089_13506,disease,schizophrenia,MONDO_grouped,5961,793,gene/protein,CALB1,NCBI
5949775,disease_protein,associated with,28313,5090_13498_8414_10897_33312_10943_11552_14092_12054_11960_11280_11294_11295_11298_11307_11498_12879_13089_13506,disease,schizophrenia,MONDO_grouped,1335,816,gene/protein,CAMK2B,NCBI
5949776,disease_protein,associated with,28313,5090_13498_8414_10897_33312_10943_11552_14092_12054_11960_11280_11294_11295_11298_11307_11498_12879_13089_13506,disease,schizophrenia,MONDO_grouped,2712,836,gene/protein,CASP3,NCBI
5949777,disease_protein,associated with,28313,5090_13498_8414_10897_33312_10943_11552_14092_12054_11960_11280_11294_11295_11298_11307_11498_12879_13089_13506,disease,schizophrenia,MONDO_grouped,11086,837,gene/protein,CASP4,NCBI
5949778,disease_protein,associated with,28313,5090_13498_8414_10897_33312_10943_11552_14092_12054_11960_11280_11294_11295_11298_11307_11498_12879_13089_13506,disease,schizophrenia,MONDO_grouped,489,857,gene/protein,CAV1,NCBI
5949779,disease_protein,associated with,28313,5090_13498_8414_10897_33312_10943_11552_14092_12054_11960_11280_11294_11295_11298_11307_11498_12879_13089_13506,disease,schizophrenia,MONDO_grouped,2408,875,gene/protein,CBS,NCBI
5949780,disease_protein,associated with,28313,5090_13498_8414_10897_33312_10943_11552_14092_12054_11960_11280_11294_11295_11298_11307_11498_12879_13089_13506,disease,schizophrenia,MONDO_grouped,11239,885,gene/protein,CCK,NCBI
5949781,disease_protein,associated with,28313,5090_13498_8414_10897_33312_10943_11552_14092_12054_11960_11280_11294_11295_11298_11307_11498_12879_13089_13506,disease,schizophrenia,MONDO_grouped,13800,886,gene/protein,CCKAR,NCBI
5949782,disease_protein,associated with,28313,5090_13498_8414_10897_33312_10943_11552_14092_12054_11960_11280_11294_11295_11298_11307_11498_12879_13089_13506,disease,schizophrenia,MONDO_grouped,251,890,gene/protein,CCNA2,NCBI
5949783,disease_protein,associated with,28313,5090_13498_8414_10897_33312_10943_11552_14092_12054_11960_11280_11294_11295_11298_11307_11498_12879_13089_13506,disease,schizophrenia,MONDO_grouped,4435,894,gene/protein,CCND2,NCBI
5949784,disease_protein,associated with,28313,5090_13498_8414_10897_33312_10943_11552_14092_12054_11960_11280_11294_11295_11298_11307_11498_12879_13089_13506,disease,schizophrenia,MONDO_grouped,4222,989,gene/protein,SEPTIN7,NCBI
5949785,disease_protein,associated with,28313,5090_13498_8414_10897_33312_10943_11552_14092_12054_11960_11280_11294_11295_11298_11307_11498_12879_13089_13506,disease,schizophrenia,MONDO_grouped,2994,995,gene/protein,CDC25C,NCBI
5949786,disease_protein,associated with,28313,5090_13498_8414_10897_33312_10943_11552_14092_12054_11960_11280_11294_11295_11298_11307_11498_12879_13089_13506,disease,schizophrenia,MONDO_grouped,1237,998,gene/protein,CDC42,NCBI
5949787,disease_protein,associated with,28313,5090_13498_8414_10897_33312_10943_11552_14092_12054_11960_11280_11294_11295_11298_11307_11498_12879_13089_13506,disease,schizophrenia,MONDO_grouped,985,1020,gene/protein,CDK5,NCBI
5949788,disease_protein,associated with,28313,5090_13498_8414_10897_33312_10943_11552_14092_12054_11960_11280_11294_11295_11298_11307_11498_12879_13089_13506,disease,schizophrenia,MONDO_grouped,3588,1028,gene/protein,CDKN1C,NCBI
5949789,disease_protein,associated with,28313,5090_13498_8414_10897_33312_10943_11552_14092_12054_11960_11280_11294_11295_11298_11307_11498_12879_13089_13506,disease,schizophrenia,MONDO_grouped,6521,1068,gene/protein,CETN1,NCBI
5949790,disease_protein,associated with,28313,5090_13498_8414_10897_33312_10943_11552_14092_12054_11960_11280_11294_11295_11298_11307_11498_12879_13089_13506,disease,schizophrenia,MONDO_grouped,6606,1103,gene/protein,CHAT,NCBI
5949791,disease_protein,associated with,28313,5090_13498_8414_10897_33312_10943_11552_14092_12054_11960_11280_11294_11295_11298_11307_11498_12879_13089_13506,disease,schizophrenia,MONDO_grouped,746,1108,gene/protein,CHD4,NCBI
5949792,disease_protein,associated with,28313,5090_13498_8414_10897_33312_10943_11552_14092_12054_11960_11280_11294_11295_11298_11307_11498_12879_13089_13506,disease,schizophrenia,MONDO_grouped,108,1111,gene/protein,CHEK1,NCBI
5949793,disease_protein,associated with,28313,5090_13498_8414_10897_33312_10943_11552_14092_12054_11960_11280_11294_11295_11298_11307_11498_12879_13089_13506,disease,schizophrenia,MONDO_grouped,2604,1113,gene/protein,CHGA,NCBI
5949794,disease_protein,associated with,28313,5090_13498_8414_10897_33312_10943_11552_14092_12054_11960_11280_11294_11295_11298_11307_11498_12879_13089_13506,disease,schizophrenia,MONDO_grouped,1394,1114,gene/protein,CHGB,NCBI
5949795,disease_protein,associated with,28313,5090_13498_8414_10897_33312_10943_11552_14092_12054_11960_11280_11294_11295_11298_11307_11498_12879_13089_13506,disease,schizophrenia,MONDO_grouped,1458,1116,gene/protein,CHI3L1,NCBI
5949796,disease_protein,associated with,28313,5090_13498_8414_10897_33312_10943_11552_14092_12054_11960_11280_11294_11295_11298_11307_11498_12879_13089_13506,disease,schizophrenia,MONDO_grouped,10106,1128,gene/protein,CHRM1,NCBI
5949797,disease_protein,associated with,28313,5090_13498_8414_10897_33312_10943_11552_14092_12054_11960_11280_11294_11295_11298_11307_11498_12879_13089_13506,disease,schizophrenia,MONDO_grouped,4468,1129,gene/protein,CHRM2,NCBI
5949798,disease_protein,associated with,28313,5090_13498_8414_10897_33312_10943_11552_14092_12054_11960_11280_11294_11295_11298_11307_11498_12879_13089_13506,disease,schizophrenia,MONDO_grouped,1922,1132,gene/protein,CHRM4,NCBI
5949799,disease_protein,associated with,28313,5090_13498_8414_10897_33312_10943_11552_14092_12054_11960_11280_11294_11295_11298_11307_11498_12879_13089_13506,disease,schizophrenia,MONDO_grouped,6090,1133,gene/protein,CHRM5,NCBI
5949800,disease_protein,associated with,28313,5090_13498_8414_10897_33312_10943_11552_14092_12054_11960_11280_11294_11295_11298_11307_11498_12879_13089_13506,disease,schizophrenia,MONDO_grouped,4814,1136,gene/protein,CHRNA3,NCBI
5949801,disease_protein,associated with,28313,5090_13498_8414_10897_33312_10943_11552_14092_12054_11960_11280_11294_11295_11298_11307_11498_12879_13089_13506,disease,schizophrenia,MONDO_grouped,8136,1137,gene/protein,CHRNA4,NCBI
5949802,disease_protein,associated with,28313,5090_13498_8414_10897_33312_10943_11552_14092_12054_11960_11280_11294_11295_11298_11307_11498_12879_13089_13506,disease,schizophrenia,MONDO_grouped,3344,1138,gene/protein,CHRNA5,NCBI
5949803,disease_protein,associated with,28313,5090_13498_8414_10897_33312_10943_11552_14092_12054_11960_11280_11294_11295_11298_11307_11498_12879_13089_13506,disease,schizophrenia,MONDO_grouped,13566,1139,gene/protein,CHRNA7,NCBI
5949804,disease_protein,associated with,28313,5090_13498_8414_10897_33312_10943_11552_14092_12054_11960_11280_11294_11295_11298_11307_11498_12879_13089_13506,disease,schizophrenia,MONDO_grouped,8317,1141,gene/protein,CHRNB2,NCBI
5949805,disease_protein,associated with,28313,5090_13498_8414_10897_33312_10943_11552_14092_12054_11960_11280_11294_11295_11298_11307_11498_12879_13089_13506,disease,schizophrenia,MONDO_grouped,4227,1152,gene/protein,CKB,NCBI
5949806,disease_protein,associated with,28313,5090_13498_8414_10897_33312_10943_11552_14092_12054_11960_11280_11294_11295_11298_11307_11498_12879_13089_13506,disease,schizophrenia,MONDO_grouped,1127,1191,gene/protein,CLU,NCBI
5949807,disease_protein,associated with,28313,5090_13498_8414_10897_33312_10943_11552_14092_12054_11960_11280_11294_11295_11298_11307_11498_12879_13089_13506,disease,schizophrenia,MONDO_grouped,5438,1234,gene/protein,CCR5,NCBI
5949808,disease_protein,associated with,28313,5090_13498_8414_10897_33312_10943_11552_14092_12054_11960_11280_11294_11295_11298_11307_11498_12879_13089_13506,disease,schizophrenia,MONDO_grouped,439,1267,gene/protein,CNP,NCBI
5949809,disease_protein,associated with,28313,5090_13498_8414_10897_33312_10943_11552_14092_12054_11960_11280_11294_11295_11298_11307_11498_12879_13089_13506,disease,schizophrenia,MONDO_grouped,9196,1268,gene/protein,CNR1,NCBI
5949810,disease_protein,associated with,28313,5090_13498_8414_10897_33312_10943_11552_14092_12054_11960_11280_11294_11295_11298_11307_11498_12879_13089_13506,disease,schizophrenia,MONDO_grouped,457,1269,gene/protein,CNR2,NCBI
5949811,disease_protein,associated with,28313,5090_13498_8414_10897_33312_10943_11552_14092_12054_11960_11280_11294_11295_11298_11307_11498_12879_13089_13506,disease,schizophrenia,MONDO_grouped,4156,1270,gene/protein,CNTF,NCBI
5949812,disease_protein,associated with,28313,5090_13498_8414_10897_33312_10943_11552_14092_12054_11960_11280_11294_11295_11298_11307_11498_12879_13089_13506,disease,schizophrenia,MONDO_grouped,4182,1281,gene/protein,COL3A1,NCBI
5949813,disease_protein,associated with,28313,5090_13498_8414_10897_33312_10943_11552_14092_12054_11960_11280_11294_11295_11298_11307_11498_12879_13089_13506,disease,schizophrenia,MONDO_grouped,452,1312,gene/protein,COMT,NCBI
5949814,disease_protein,associated with,28313,5090_13498_8414_10897_33312_10943_11552_14092_12054_11960_11280_11294_11295_11298_11307_11498_12879_13089_13506,disease,schizophrenia,MONDO_grouped,4184,1356,gene/protein,CP,NCBI
5949815,disease_protein,associated with,28313,5090_13498_8414_10897_33312_10943_11552_14092_12054_11960_11280_11294_11295_11298_11307_11498_12879_13089_13506,disease,schizophrenia,MONDO_grouped,389,1385,gene/protein,CREB1,NCBI
3084053,disease_phenotype_negative,phenotype absent,27158,13924_12592_14672_13460_12591_12536_30861_8146_8148_32846_13459_44329_14544_9805_49223_9804_14086_8147_13515_14029_12581_19019,disease,osteogenesis imperfecta,MONDO_grouped,22304,365,effect/phenotype,Hearing impairment,HPO
3084054,disease_phenotype_negative,phenotype absent,27158,13924_12592_14672_13460_12591_12536_30861_8146_8148_32846_13459_44329_14544_9805_49223_9804_14086_8147_13515_14029_12581_19019,disease,osteogenesis imperfecta,MONDO_grouped,22675,1249,effect/phenotype,Intellectual disability,HPO
3084055,disease_phenotype_negative,phenotype absent,27159,11160_13119_13978_12060_12327_12670_13210_11067_12903_12293_12376_12375_11767_10965_12460_10967_11602_12002_11762_13386_14363_10933_12452_13365_13250_13826_12445_12326_11360_11392_13985_14739_11351_13489_12421_9076_13738_11279_14675_11286_13249_12485_10986_12420_14428_12170_12091_12442_11364_13984_12418_14237_13010_12355_912_14469_12273_13269_12602_11774_10807_12977_12003_12370_11192_10987_11991_12333_10860_13929_13471_11912_13537_13963_11799_13215_11553_14182_19588_14849,disease,autosomal recessive nonsyndromic deafness,MONDO_grouped,22869,1751,effect/phenotype,Vestibular dysfunction,HPO
3084056,disease_phenotype_negative,phenotype absent,27159,11160_13119_13978_12060_12327_12670_13210_11067_12903_12293_12376_12375_11767_10965_12460_10967_11602_12002_11762_13386_14363_10933_12452_13365_13250_13826_12445_12326_11360_11392_13985_14739_11351_13489_12421_9076_13738_11279_14675_11286_13249_12485_10986_12420_14428_12170_12091_12442_11364_13984_12418_14237_13010_12355_912_14469_12273_13269_12602_11774_10807_12977_12003_12370_11192_10987_11991_12333_10860_13929_13471_11912_13537_13963_11799_13215_11553_14182_19588_14849,disease,autosomal recessive nonsyndromic deafness,MONDO_grouped,22258,1999,effect/phenotype,Abnormal facial shape,HPO
3084057,disease_phenotype_negative,phenotype absent,27159,11160_13119_13978_12060_12327_12670_13210_11067_12903_12293_12376_12375_11767_10965_12460_10967_11602_12002_11762_13386_14363_10933_12452_13365_13250_13826_12445_12326_11360_11392_13985_14739_11351_13489_12421_9076_13738_11279_14675_11286_13249_12485_10986_12420_14428_12170_12091_12442_11364_13984_12418_14237_13010_12355_912_14469_12273_13269_12602_11774_10807_12977_12003_12370_11192_10987_11991_12333_10860_13929_13471_11912_13537_13963_11799_13215_11553_14182_19588_14849,disease,autosomal recessive nonsyndromic deafness,MONDO_grouped,22380,505,effect/phenotype,Visual impairment,HPO
3084058,disease_phenotype_negative,phenotype absent,27160,8099_12497_12498,disease,congenital stationary night blindness autosomal dominant,MONDO_grouped,22328,1098,effect/phenotype,Abnormal fundus morphology,HPO
3084059,disease_phenotype_negative,phenotype absent,27161,14854_14293_14470_12380_11832_14603_14853_11761_11032_14594_12975_10973_12090_14740_12902_10915_11058_14283_11519_12083_7424_11673_11389_13632_11103_11226_11102_12974_12086_11159_11074_11031_10963_13823_11660_11893_13305_11708_11994_12030_11625_11350_13114_12023_11568_11920_12976_14738_14291_10817_11480_13593_11657_19587,disease,autosomal dominant nonsyndromic deafness,MONDO_grouped,22869,1751,effect/phenotype,Vestibular dysfunction,HPO
3084060,disease_phenotype_negative,phenotype absent,27162,33202_32776_30905_33670_33200_32740_32732_33201_54860_32761_32639_29142_32762_33198_32749_33199,disease,"deafness, autosomal recessive",MONDO_grouped,87470,8555,effect/phenotype,Absent vestibular function,HPO
3084061,disease_phenotype_negative,phenotype absent,27163,11396_7422,disease,keratoderma hereditarium mutilans,MONDO_grouped,22341,1595,effect/phenotype,Abnormal hair morphology,HPO
3084062,disease_phenotype_negative,phenotype absent,27163,11396_7422,disease,keratoderma hereditarium mutilans,MONDO_grouped,22425,164,effect/phenotype,Abnormality of the dentition,HPO
3084063,disease_phenotype_negative,phenotype absent,27163,11396_7422,disease,keratoderma hereditarium mutilans,MONDO_grouped,22658,1597,effect/phenotype,Abnormality of the nail,HPO
3084064,disease_phenotype_negative,phenotype absent,27163,11396_7422,disease,keratoderma hereditarium mutilans,MONDO_grouped,22288,364,effect/phenotype,Hearing abnormality,HPO
3084065,disease_phenotype_negative,phenotype absent,27164,14828_14829_9454_13553_133,disease,immunodeficiency-centromeric instability-facial anomalies syndrome,MONDO_grouped,25306,2846,effect/phenotype,Abnormal B cell morphology,HPO
3084066,disease_phenotype_negative,phenotype absent,27165,8019,disease,mullerian aplasia and hyperandrogenism,MONDO,22137,811,effect/phenotype,Abnormal external genitalia,HPO
3084067,disease_phenotype_negative,phenotype absent,27166,11043,disease,"myelodysplasia, immunodeficiency, facial dysmorphism, short stature, and psychomotor delay",MONDO,92846,40128,effect/phenotype,Abnormal sweat electrolytes,HPO
3084068,disease_phenotype_negative,phenotype absent,27167,9260_9261_9262_18149,disease,GM1 gangliosidosis,MONDO_grouped,23035,8155,effect/phenotype,Mucopolysacchariduria,HPO
3084069,disease_phenotype_negative,phenotype absent,27168,8878,disease,"bone dysplasia, lethal Holmgren type",MONDO,23428,925,effect/phenotype,Abnormality of the vertebral column,HPO
3084070,disease_phenotype_negative,phenotype absent,27169,8905,disease,predisposition to invasive fungal disease due to CARD9 deficiency,MONDO,23982,10975,effect/phenotype,Abnormal B cell count,HPO
3084071,disease_phenotype_negative,phenotype absent,27169,8905,disease,predisposition to invasive fungal disease due to CARD9 deficiency,MONDO,25903,31392,effect/phenotype,Abnormal proportion of CD4-positive T cells,HPO
3084072,disease_phenotype_negative,phenotype absent,27169,8905,disease,predisposition to invasive fungal disease due to CARD9 deficiency,MONDO,23990,31393,effect/phenotype,Abnormal proportion of CD8-positive T cells,HPO
3084073,disease_phenotype_negative,phenotype absent,27169,8905,disease,predisposition to invasive fungal disease due to CARD9 deficiency,MONDO,26691,40089,effect/phenotype,Abnormal natural killer cell count,HPO
3084074,disease_phenotype_negative,phenotype absent,27170,14083_13288_12987_13287_13289_20729_14840_13290_11096_16462_15977,disease,agammaglobulinemia,MONDO_grouped,25496,2843,effect/phenotype,Abnormal T cell morphology,HPO
3084075,disease_phenotype_negative,phenotype absent,27171,7162,disease,asymmetric short stature syndrome,MONDO,22675,1249,effect/phenotype,Intellectual disability,HPO
3084076,disease_phenotype_negative,phenotype absent,27172,9699,disease,action myoclonus-renal failure syndrome,MONDO,22441,1268,effect/phenotype,Mental deterioration,HPO
3084077,disease_phenotype_negative,phenotype absent,27173,14986_14987_10351_10953_13565_9213_12565_13248_12187_13499_14108_44325_54748_11325_9214_14985_9215_11584_12186_13566_14638,disease,Fanconi anemia complementation group,MONDO_grouped,84368,5528,effect/phenotype,Bone marrow hypocellularity,HPO
3084078,disease_phenotype_negative,phenotype absent,27174,7157_14028_16675_7364_32750_20820_30847_32751_13698,disease,"arthrogryposis, distal,",MONDO_grouped,22675,1249,effect/phenotype,Intellectual disability,HPO
3084079,disease_phenotype_negative,phenotype absent,27175,14897,disease,"portal hypertension, noncirrhotic",MONDO,24475,2910,effect/phenotype,Elevated hepatic transaminase,HPO
3084080,disease_phenotype_negative,phenotype absent,27176,12035,disease,craniosynostosis-intracranial calcifications syndrome,MONDO,22675,1249,effect/phenotype,Intellectual disability,HPO
3084081,disease_phenotype_negative,phenotype absent,27177,10023,disease,combined immunodeficiency due to ZAP70 deficiency,MONDO,26691,40089,effect/phenotype,Abnormal natural killer cell count,HPO
3084082,disease_phenotype_negative,phenotype absent,27177,10023,disease,combined immunodeficiency due to ZAP70 deficiency,MONDO,23982,10975,effect/phenotype,Abnormal B cell count,HPO
3084083,disease_phenotype_negative,phenotype absent,27178,32884,disease,"ectodermal dysplasia with facial dysmorphism and acral, ocular, and brain anomalies",MONDO,22675,1249,effect/phenotype,Intellectual disability,HPO
3084084,disease_phenotype_negative,phenotype absent,27178,32884,disease,"ectodermal dysplasia with facial dysmorphism and acral, ocular, and brain anomalies",MONDO,25381,1263,effect/phenotype,Global developmental delay,HPO
3084085,disease_phenotype_negative,phenotype absent,27179,32911_33258_32917_33668_33665_30058_33260_32802_33259_29137_30998,disease,"deafness, autosomal dominant",MONDO_grouped,23910,375,effect/phenotype,Abnormal cochlea morphology,HPO
3084086,disease_phenotype_negative,phenotype absent,27179,32911_33258_32917_33668_33665_30058_33260_32802_33259_29137_30998,disease,"deafness, autosomal dominant",MONDO_grouped,22258,1999,effect/phenotype,Abnormal facial shape,HPO
3084087,disease_phenotype_negative,phenotype absent,27180,14076_13519_9136_14600_13520_27353,disease,"dyskeratosis congenita, autosomal recessive",MONDO_grouped,22555,1000,effect/phenotype,Abnormality of skin pigmentation,HPO
3084088,disease_phenotype_negative,phenotype absent,27181,14624,disease,Brown syndrome,MONDO,25279,486,effect/phenotype,Strabismus,HPO
3084089,disease_phenotype_negative,phenotype absent,27182,54593_54716_12106_13923_11437_14623_11488_14484_9617_14473_12989_54806_14173_12029_54804_32583_14908_32694_13849_14660_7988_14730_54805_54761_30929_30928_16660,disease,primary microcephaly,MONDO_grouped,22714,12443,effect/phenotype,Abnormality of brain morphology,HPO
3084090,disease_phenotype_negative,phenotype absent,27183,14798_7217_7218_14032_7219_20701_7222_7216_7221_7223_11757_7220_12658_13244_19679_19677_7215_19676_21004_19678_22599,disease,brachydactyly,MONDO_grouped,22870,1760,effect/phenotype,Abnormal foot morphology,HPO
3084091,disease_phenotype_negative,phenotype absent,27184,10090,disease,Summitt syndrome,MONDO,22675,1249,effect/phenotype,Intellectual disability,HPO
3084092,disease_phenotype_negative,phenotype absent,27185,30027_14756_13888_8590_11201_12671,disease,"tremor, hereditary essential",MONDO_grouped,22682,100543,effect/phenotype,Cognitive impairment,HPO
3084093,disease_phenotype_negative,phenotype absent,27185,30027_14756_13888_8590_11201_12671,disease,"tremor, hereditary essential",MONDO_grouped,24252,1272,effect/phenotype,Cerebellar atrophy,HPO
3084094,disease_phenotype_negative,phenotype absent,27185,30027_14756_13888_8590_11201_12671,disease,"tremor, hereditary essential",MONDO_grouped,22699,1251,effect/phenotype,Ataxia,HPO
3084095,disease_phenotype_negative,phenotype absent,27185,30027_14756_13888_8590_11201_12671,disease,"tremor, hereditary essential",MONDO_grouped,93440,100515,effect/phenotype,Pollakisuria,HPO
3084096,disease_phenotype_negative,phenotype absent,27185,30027_14756_13888_8590_11201_12671,disease,"tremor, hereditary essential",MONDO_grouped,23420,2415,effect/phenotype,Leukodystrophy,HPO
3084097,disease_phenotype_negative,phenotype absent,27186,7099,disease,familial visceral amyloidosis,MONDO,22457,9830,effect/phenotype,Peripheral neuropathy,HPO
3084098,disease_phenotype_negative,phenotype absent,27187,24541_13818,disease,trichohepatoenteric syndrome,MONDO_grouped,89095,12024,effect/phenotype,Hypergalactosemia,HPO
3084099,disease_phenotype_negative,phenotype absent,27188,13285_9413_13286_13283_13284_11864_14697_14260_13862_54691,disease,"immunodeficiency, common variable",MONDO_grouped,23981,11839,effect/phenotype,Abnormal T cell count,HPO
3084100,disease_phenotype_negative,phenotype absent,27188,13285_9413_13286_13283_13284_11864_14697_14260_13862_54691,disease,"immunodeficiency, common variable",MONDO_grouped,23982,10975,effect/phenotype,Abnormal B cell count,HPO
3084101,disease_phenotype_negative,phenotype absent,27189,8196,disease,parastremmatic dwarfism,MONDO,22675,1249,effect/phenotype,Intellectual disability,HPO
3084102,disease_phenotype_negative,phenotype absent,27190,9614_9613_17214_17685,disease,vitamin B12-responsive methylmalonic acidemia,MONDO_grouped,23377,40126,effect/phenotype,Abnormal vitamin B12 level,HPO
3084103,disease_phenotype_negative,phenotype absent,27191,11870,disease,annular epidermolytic ichthyosis,MONDO,22341,1595,effect/phenotype,Abnormal hair morphology,HPO
3084104,disease_phenotype_negative,phenotype absent,27191,11870,disease,annular epidermolytic ichthyosis,MONDO,22658,1597,effect/phenotype,Abnormality of the nail,HPO
3084105,disease_phenotype_negative,phenotype absent,27192,12015_9762_8654_8106_13903_5712,disease,congenital nystagmus,MONDO_grouped,22380,505,effect/phenotype,Visual impairment,HPO
3084106,disease_phenotype_negative,phenotype absent,27193,7774,disease,hyperreflexia (disease),MONDO,85516,3487,effect/phenotype,Babinski sign,HPO
3084107,disease_phenotype_negative,phenotype absent,27194,11063,disease,"hidrotic ectodermal dysplasia, Christianson-Fourie type",MONDO,22425,164,effect/phenotype,Abnormality of the dentition,HPO
3084108,disease_phenotype_negative,phenotype absent,27194,11063,disease,"hidrotic ectodermal dysplasia, Christianson-Fourie type",MONDO,24361,971,effect/phenotype,Abnormal sweat gland morphology,HPO
3084109,disease_phenotype_negative,phenotype absent,27195,7315,disease,cherubism,MONDO,23379,4379,effect/phenotype,Abnormality of alkaline phosphatase level,HPO
3084110,disease_phenotype_negative,phenotype absent,27196,11107,disease,congenital hypotrichosis with juvenile macular dystrophy,MONDO,22884,1231,effect/phenotype,Abnormal fingernail morphology,HPO
3084111,disease_phenotype_negative,phenotype absent,27196,11107,disease,congenital hypotrichosis with juvenile macular dystrophy,MONDO,22425,164,effect/phenotype,Abnormality of the dentition,HPO
3084112,disease_phenotype_negative,phenotype absent,27196,11107,disease,congenital hypotrichosis with juvenile macular dystrophy,MONDO,22658,1597,effect/phenotype,Abnormality of the nail,HPO
3084113,disease_phenotype_negative,phenotype absent,27197,12345,disease,acral peeling skin syndrome,MONDO,22658,1597,effect/phenotype,Abnormality of the nail,HPO
3084114,disease_phenotype_negative,phenotype absent,27198,32659,disease,"mucocutaneous ulceration, chronic",MONDO,22124,2719,effect/phenotype,Recurrent infections,HPO
3084115,disease_phenotype_negative,phenotype absent,27199,7447,disease,autosomal dominant vibratory urticaria,MONDO,89057,11971,effect/phenotype,Dermatographic urticaria,HPO
3084116,disease_phenotype_negative,phenotype absent,27200,32914_12748_14030_14215_14193_13854_14123_12978_12088_32664_13174_9484_32757_32874_32637_14192_13979_12906_14465_13434_14909_32872_13525_14202_14750_14910_54843_13940_14211_14216_32924_12918_14378_14203_12979_12085_12571_14657_13435_11718_33204_16575_12087_12844,disease,primary ciliary dyskinesia,MONDO_grouped,25444,30853,effect/phenotype,Heterotaxy,HPO
3084117,disease_phenotype_negative,phenotype absent,27200,32914_12748_14030_14215_14193_13854_14123_12978_12088_32664_13174_9484_32757_32874_32637_14192_13979_12906_14465_13434_14909_32872_13525_14202_14750_14910_54843_13940_14211_14216_32924_12918_14378_14203_12979_12085_12571_14657_13435_11718_33204_16575_12087_12844,disease,primary ciliary dyskinesia,MONDO_grouped,92846,40128,effect/phenotype,Abnormal sweat electrolytes,HPO
3084118,disease_phenotype_negative,phenotype absent,27201,8470_30074,disease,spondyloepiphyseal dysplasia with punctate corneal dystrophy,MONDO_grouped,22354,572,effect/phenotype,Visual loss,HPO
3084119,disease_phenotype_negative,phenotype absent,27202,11015_12527_14799_14673_12489_12260_12665_11104_14565_14075_13484_7279_7287_14111_13744_10544_32735_12395_13411_10948_7278_12688_14110_12336_7288_7282_7280_7283_7286_11547_12437_7290_11413_12701_7281_7285_13859_7284_11162_5129_45050_11587_11591_11808_13067_12175,disease,cataract,MONDO_grouped,88768,11501,effect/phenotype,Anterior lenticonus,HPO
3084120,disease_phenotype_negative,phenotype absent,27203,13843,disease,intestinal obstruction in the newborn due to guanylate cyclase 2C deficiency,MONDO,92846,40128,effect/phenotype,Abnormal sweat electrolytes,HPO
3084121,disease_phenotype_negative,phenotype absent,27204,12203,disease,familial hyperthyroidism due to mutations in TSH receptor,MONDO,93626,200028,effect/phenotype,Pretibial myxedema,HPO
3084122,disease_phenotype_negative,phenotype absent,27205,11732,disease,familial digital arthropathy-brachydactyly,MONDO,23560,2750,effect/phenotype,Delayed skeletal maturation,HPO
3084123,disease_phenotype_negative,phenotype absent,27206,8237,disease,phocomelia-ectrodactyly-deafness-sinus arrhythmia syndrome,MONDO,22675,1249,effect/phenotype,Intellectual disability,HPO
3084124,disease_phenotype_negative,phenotype absent,27207,10214_10215_10216_10210_10211_12531_10212_10213_19600,disease,xeroderma pigmentosum,MONDO_grouped,22478,1510,effect/phenotype,Growth delay,HPO
3084125,disease_phenotype_negative,phenotype absent,27208,7207,disease,Böök syndrome,MONDO,22658,1597,effect/phenotype,Abnormality of the nail,HPO
3084126,disease_phenotype_negative,phenotype absent,27209,14848,disease,TELO2-related intellectual disability-neurodevelopmental disorder,MONDO,25666,410263,effect/phenotype,Brain imaging abnormality,HPO
3084127,disease_phenotype_negative,phenotype absent,27210,7312,disease,Charcot-Marie-Tooth disease with ptosis and parkinsonism,MONDO,23152,7305,effect/phenotype,CNS demyelination,HPO
3084128,disease_phenotype_negative,phenotype absent,27211,14803,disease,spasticity-ataxia-gait anomalies syndrome,MONDO,25525,2151,effect/phenotype,Increased serum lactate,HPO
3084129,disease_phenotype_negative,phenotype absent,27212,9577,disease,megalocornea-intellectual disability syndrome,MONDO,25662,12632,effect/phenotype,Abnormal intraocular pressure,HPO
3084130,disease_phenotype_negative,phenotype absent,27213,9712,disease,congenital multicore myopathy with external ophthalmoplegia,MONDO,23411,40081,effect/phenotype,Abnormal circulating creatine kinase concentration,HPO
3084131,disease_phenotype_negative,phenotype absent,27214,14555_54852_24548_14923_11937_19347,disease,peeling skin syndrome,MONDO_grouped,22341,1595,effect/phenotype,Abnormal hair morphology,HPO
3084132,disease_phenotype_negative,phenotype absent,27214,14555_54852_24548_14923_11937_19347,disease,peeling skin syndrome,MONDO_grouped,25945,989,effect/phenotype,Pruritus,HPO
3084133,disease_phenotype_negative,phenotype absent,27214,14555_54852_24548_14923_11937_19347,disease,peeling skin syndrome,MONDO_grouped,22581,10783,effect/phenotype,Erythema,HPO
3084134,disease_phenotype_negative,phenotype absent,27215,12238_24528_12415_20845_14898_14656_12241_13117_9783_90,disease,progressive external ophthalmoplegia with mitochondrial DNA deletions,MONDO_grouped,25525,2151,effect/phenotype,Increased serum lactate,HPO
3084135,disease_phenotype_negative,phenotype absent,27216,11670,disease,Ehlers-Danlos syndrome due to tenascin-X deficiency,MONDO,84797,1058,effect/phenotype,Poor wound healing,HPO
3084136,disease_phenotype_negative,phenotype absent,27216,11670,disease,Ehlers-Danlos syndrome due to tenascin-X deficiency,MONDO,22372,100699,effect/phenotype,Scarring,HPO
3084137,disease_phenotype_negative,phenotype absent,27217,11177_13976_13975_13313_32804_13973_13974_44305_10955_23040_23041_23042,disease,ectodermal dysplasia,MONDO_grouped,22425,164,effect/phenotype,Abnormality of the dentition,HPO
3084138,disease_phenotype_negative,phenotype absent,27217,11177_13976_13975_13313_32804_13973_13974_44305_10955_23040_23041_23042,disease,ectodermal dysplasia,MONDO_grouped,24361,971,effect/phenotype,Abnormal sweat gland morphology,HPO
3084139,disease_phenotype_negative,phenotype absent,27217,11177_13976_13975_13313_32804_13973_13974_44305_10955_23040_23041_23042,disease,ectodermal dysplasia,MONDO_grouped,22675,1249,effect/phenotype,Intellectual disability,HPO
3084140,disease_phenotype_negative,phenotype absent,27218,33622_14365_14366_30844_32859_14961_32744_20851_32739_7161_54723_20852_54726_11720_54730_32863_7060_33673_14970_32845_54725_30938_14847_54724_54615_30846_14172_54732_54729_32686_30868_33671_9776_13505_29147_54728_54731_54727_10052_20855_32896_29148_14037_32748_13504_32898_54733_13070_13901_30926_30989,disease,spermatogenic failure,MONDO_grouped,25928,30087,effect/phenotype,Abnormal serum testosterone level,HPO
3084141,disease_phenotype_negative,phenotype absent,27218,33622_14365_14366_30844_32859_14961_32744_20851_32739_7161_54723_20852_54726_11720_54730_32863_7060_33673_14970_32845_54725_30938_14847_54724_54615_30846_14172_54732_54729_32686_30868_33671_9776_13505_29147_54728_54731_54727_10052_20855_32896_29148_14037_32748_13504_32898_54733_13070_13901_30926_30989,disease,spermatogenic failure,MONDO_grouped,87533,8734,effect/phenotype,Decreased testicular size,HPO
3084142,disease_phenotype_negative,phenotype absent,27219,7794_9239_9223_13912_13961_7844_13946_14105_13910_14102_12880_14461_9482_30010_14107_13914_10635_14106_13911_12528_13926_13913_12988_14103_13915,disease,hypogonadotropic hypogonadism with or without anosmia,MONDO_grouped,23766,4408,effect/phenotype,Abnormality of the sense of smell,HPO
3084143,disease_phenotype_negative,phenotype absent,27220,14078_13623_13597_32765_13622_14518_14386_11588_12354_12031_54577_8553_14830_8552_30996,disease,platelet-type bleeding disorder,MONDO_grouped,24519,11869,effect/phenotype,Abnormal platelet function,HPO
3084144,disease_phenotype_negative,phenotype absent,27220,14078_13623_13597_32765_13622_14518_14386_11588_12354_12031_54577_8553_14830_8552_30996,disease,platelet-type bleeding disorder,MONDO_grouped,86012,4866,effect/phenotype,Impaired ADP-induced platelet aggregation,HPO
3084145,disease_phenotype_negative,phenotype absent,27221,7411_14706_13751,disease,"cutis laxa, autosomal dominant",MONDO_grouped,84797,1058,effect/phenotype,Poor wound healing,HPO
3084146,disease_phenotype_negative,phenotype absent,27221,7411_14706_13751,disease,"cutis laxa, autosomal dominant",MONDO_grouped,24357,974,effect/phenotype,Hyperextensible skin,HPO
3084147,disease_phenotype_negative,phenotype absent,27222,14502,disease,mendelian susceptibility to mycobacterial diseases due to complete ISG15 deficiency,MONDO,26254,31691,effect/phenotype,Severe viral infection,HPO
3084148,disease_phenotype_negative,phenotype absent,27222,14502,disease,mendelian susceptibility to mycobacterial diseases due to complete ISG15 deficiency,MONDO,22670,12759,effect/phenotype,Neurodevelopmental abnormality,HPO
3084149,disease_phenotype_negative,phenotype absent,27222,14502,disease,mendelian susceptibility to mycobacterial diseases due to complete ISG15 deficiency,MONDO,23217,4429,effect/phenotype,Recurrent viral infections,HPO
3084150,disease_phenotype_negative,phenotype absent,27223,10070,disease,"brachyolmia type 1, Hobaek type",MONDO,22355,7759,effect/phenotype,Opacification of the corneal stroma,HPO
3084151,disease_phenotype_negative,phenotype absent,27223,10070,disease,"brachyolmia type 1, Hobaek type",MONDO,22675,1249,effect/phenotype,Intellectual disability,HPO
3084152,disease_phenotype_negative,phenotype absent,27200,32914_12748_14030_14215_14193_13854_14123_12978_12088_32664_13174_9484_32757_32874_32637_14192_13979_12906_14465_13434_14909_32872_13525_14202_14750_14910_54843_13940_14211_14216_32924_12918_14378_14203_12979_12085_12571_14657_13435_11718_33204_16575_12087_12844,disease,primary ciliary dyskinesia,MONDO_grouped,89219,12258,effect/phenotype,Abnormal axonemal organization of respiratory motile cilia,HPO